item,wooden-chest
item,iron-chest
item,steel-chest
item,storage-tank
item,transport-belt
item,fast-transport-belt
item,express-transport-belt
item,turbo-transport-belt
item,underground-belt
item,fast-underground-belt
item,express-underground-belt
item,turbo-underground-belt
item,splitter
item,fast-splitter
item,express-splitter
item,turbo-splitter
item,loader
item,fast-loader
item,express-loader
item,turbo-loader
item,burner-inserter
item,inserter
item,long-handed-inserter
item,fast-inserter
item,bulk-inserter
item,stack-inserter
item,small-electric-pole
item,medium-electric-pole
item,big-electric-pole
item,substation
item,pipe
item,pipe-to-ground
item,pump
item,rail
item,rail-ramp
item,rail-support
item,train-stop
item,rail-signal
item,rail-chain-signal
item,locomotive
item,cargo-wagon
item,fluid-wagon
item,artillery-wagon
item,car
item,tank
item,spidertron
item,logistic-robot
item,construction-robot
item,active-provider-chest
item,passive-provider-chest
item,storage-chest
item,buffer-chest
item,requester-chest
item,roboport
item,small-lamp
item,arithmetic-combinator
item,decider-combinator
item,selector-combinator
item,constant-combinator
item,power-switch
item,programmable-speaker
item,display-panel
item,stone-brick
item,concrete
item,hazard-concrete
item,refined-concrete
item,refined-hazard-concrete
item,landfill
item,artificial-yumako-soil
item,overgrowth-yumako-soil
item,artificial-jellynut-soil
item,overgrowth-jellynut-soil
item,ice-platform
item,foundation
item,cliff-explosives
item,repair-pack
item,blueprint
item,deconstruction-planner
item,upgrade-planner
item,blueprint-book
item,copy-paste-tool
item,cut-paste-tool
item,boiler
item,steam-engine
item,solar-panel
item,accumulator
item,nuclear-reactor
item,heat-pipe
item,heat-exchanger
item,steam-turbine
item,fusion-reactor
item,fusion-generator
item,burner-mining-drill
item,electric-mining-drill
item,big-mining-drill
item,offshore-pump
item,pumpjack
item,stone-furnace
item,steel-furnace
item,electric-furnace
item,foundry
item,recycler
item,agricultural-tower
item,biochamber
item,captive-biter-spawner
item,assembling-machine-1
item,assembling-machine-2
item,assembling-machine-3
item,oil-refinery
item,chemical-plant
item,centrifuge
item,electromagnetic-plant
item,cryogenic-plant
item,lab
item,biolab
item,lightning-rod
item,lightning-collector
item,heating-tower
item,beacon
item,speed-module
item,speed-module-2
item,speed-module-3
item,efficiency-module
item,efficiency-module-2
item,efficiency-module-3
item,productivity-module
item,productivity-module-2
item,productivity-module-3
item,quality-module
item,quality-module-2
item,quality-module-3
item,empty-module-slot
item,wood
item,coal
item,stone
item,iron-ore
item,copper-ore
item,uranium-ore
item,raw-fish
item,ice
item,iron-plate
item,copper-plate
item,steel-plate
item,solid-fuel
item,plastic-bar
item,sulfur
item,battery
item,explosives
item,carbon
item,water-barrel
item,crude-oil-barrel
item,petroleum-gas-barrel
item,light-oil-barrel
item,heavy-oil-barrel
item,lubricant-barrel
item,sulfuric-acid-barrel
item,fluoroketone-hot-barrel
item,fluoroketone-cold-barrel
item,iron-gear-wheel
item,iron-stick
item,copper-cable
item,barrel
item,electronic-circuit
item,advanced-circuit
item,processing-unit
item,engine-unit
item,electric-engine-unit
item,flying-robot-frame
item,low-density-structure
item,rocket-fuel
item,uranium-235
item,uranium-238
item,uranium-fuel-cell
item,depleted-uranium-fuel-cell
item,nuclear-fuel
item,calcite
item,tungsten-ore
item,tungsten-carbide
item,tungsten-plate
item,scrap
item,holmium-ore
item,holmium-plate
item,superconductor
item,supercapacitor
item,yumako-seed
item,jellynut-seed
item,yumako
item,jellynut
item,iron-bacteria
item,copper-bacteria
item,spoilage
item,nutrients
item,bioflux
item,yumako-mash
item,jelly
item,carbon-fiber
item,biter-egg
item,pentapod-egg
item,tree-seed
item,lithium
item,lithium-plate
item,quantum-processor
item,fusion-power-cell
item,automation-science-pack
item,logistic-science-pack
item,military-science-pack
item,chemical-science-pack
item,production-science-pack
item,utility-science-pack
item,space-science-pack
item,metallurgic-science-pack
item,agricultural-science-pack
item,electromagnetic-science-pack
item,cryogenic-science-pack
item,promethium-science-pack
item,coin
item,science
item,rocket-silo
item,rocket-part
item,cargo-landing-pad
item,space-platform-foundation
item,cargo-bay
item,asteroid-collector
item,crusher
item,thruster
item,space-platform-starter-pack
item,space-platform-hub
item,metallic-asteroid-chunk
item,carbonic-asteroid-chunk
item,oxide-asteroid-chunk
item,promethium-asteroid-chunk
item,pistol
item,submachine-gun
item,tank-machine-gun
item,vehicle-machine-gun
item,railgun
item,teslagun
item,tank-flamethrower
item,shotgun
item,combat-shotgun
item,rocket-launcher
item,flamethrower
item,artillery-wagon-cannon
item,spidertron-rocket-launcher-1
item,spidertron-rocket-launcher-2
item,spidertron-rocket-launcher-3
item,spidertron-rocket-launcher-4
item,tank-cannon
item,firearm-magazine
item,piercing-rounds-magazine
item,uranium-rounds-magazine
item,shotgun-shell
item,piercing-shotgun-shell
item,cannon-shell
item,explosive-cannon-shell
item,uranium-cannon-shell
item,explosive-uranium-cannon-shell
item,artillery-shell
item,rocket
item,explosive-rocket
item,atomic-bomb
item,capture-robot-rocket
item,flamethrower-ammo
item,railgun-ammo
item,tesla-ammo
item,grenade
item,cluster-grenade
item,poison-capsule
item,slowdown-capsule
item,defender-capsule
item,distractor-capsule
item,destroyer-capsule
item,light-armor
item,heavy-armor
item,modular-armor
item,power-armor
item,power-armor-mk2
item,mech-armor
item,solar-panel-equipment
item,fission-reactor-equipment
item,fusion-reactor-equipment
item,battery-equipment
item,battery-mk2-equipment
item,battery-mk3-equipment
item,belt-immunity-equipment
item,exoskeleton-equipment
item,personal-roboport-equipment
item,personal-roboport-mk2-equipment
item,night-vision-equipment
item,toolbelt-equipment
item,energy-shield-equipment
item,energy-shield-mk2-equipment
item,personal-laser-defense-equipment
item,discharge-defense-equipment
item,stone-wall
item,gate
item,radar
item,land-mine
item,gun-turret
item,laser-turret
item,flamethrower-turret
item,artillery-turret
item,rocket-turret
item,tesla-turret
item,railgun-turret
item,parameter-0
item,parameter-1
item,parameter-2
item,parameter-3
item,parameter-4
item,parameter-5
item,parameter-6
item,parameter-7
item,parameter-8
item,parameter-9
item,copper-wire
item,green-wire
item,red-wire
item,spidertron-remote
item,discharge-defense-remote
item,artillery-targeting-remote
item,item-unknown
item,no-item
item,electric-energy-interface
item,linked-chest
item,proxy-container
item,bottomless-chest
item,heat-interface
item,lane-splitter
item,linked-belt
item,one-way-valve
item,overflow-valve
item,top-up-valve
item,infinity-cargo-wagon
item,infinity-chest
item,infinity-pipe
item,selection-tool
item,simple-entity-with-force
item,simple-entity-with-owner
item,burner-generator
fluid,water
fluid,steam
fluid,crude-oil
fluid,petroleum-gas
fluid,light-oil
fluid,heavy-oil
fluid,lubricant
fluid,sulfuric-acid
fluid,thruster-fuel
fluid,thruster-oxidizer
fluid,lava
fluid,molten-iron
fluid,molten-copper
fluid,holmium-solution
fluid,electrolyte
fluid,ammoniacal-solution
fluid,ammonia
fluid,fluorine
fluid,fluoroketone-hot
fluid,fluoroketone-cold
fluid,lithium-brine
fluid,fusion-plasma
fluid,parameter-0
fluid,parameter-1
fluid,parameter-2
fluid,parameter-3
fluid,parameter-4
fluid,parameter-5
fluid,parameter-6
fluid,parameter-7
fluid,parameter-8
fluid,parameter-9
fluid,fluid-unknown
recipe,wooden-chest
recipe,iron-chest
recipe,steel-chest
recipe,storage-tank
recipe,transport-belt
recipe,fast-transport-belt
recipe,express-transport-belt
recipe,turbo-transport-belt
recipe,underground-belt
recipe,fast-underground-belt
recipe,express-underground-belt
recipe,turbo-underground-belt
recipe,splitter
recipe,fast-splitter
recipe,express-splitter
recipe,turbo-splitter
recipe,loader
recipe,fast-loader
recipe,express-loader
recipe,turbo-loader
recipe,burner-inserter
recipe,inserter
recipe,long-handed-inserter
recipe,fast-inserter
recipe,bulk-inserter
recipe,stack-inserter
recipe,small-electric-pole
recipe,medium-electric-pole
recipe,big-electric-pole
recipe,substation
recipe,pipe
recipe,pipe-to-ground
recipe,casting-pipe
recipe,casting-pipe-to-ground
recipe,pump
recipe,rail
recipe,rail-ramp
recipe,rail-support
recipe,train-stop
recipe,rail-signal
recipe,rail-chain-signal
recipe,locomotive
recipe,cargo-wagon
recipe,fluid-wagon
recipe,artillery-wagon
recipe,car
recipe,tank
recipe,spidertron
recipe,logistic-robot
recipe,construction-robot
recipe,active-provider-chest
recipe,passive-provider-chest
recipe,storage-chest
recipe,buffer-chest
recipe,requester-chest
recipe,roboport
recipe,small-lamp
recipe,arithmetic-combinator
recipe,decider-combinator
recipe,selector-combinator
recipe,constant-combinator
recipe,power-switch
recipe,programmable-speaker
recipe,display-panel
recipe,stone-brick
recipe,stone-brick-recycling
recipe,stone-wall-recycling
recipe,concrete
recipe,hazard-concrete-recycling
recipe,hazard-concrete
recipe,refined-concrete
recipe,refined-hazard-concrete-recycling
recipe,refined-hazard-concrete
recipe,landfill
recipe,landfill-recycling
recipe,artificial-yumako-soil
recipe,overgrowth-yumako-soil
recipe,artificial-jellynut-soil
recipe,overgrowth-jellynut-soil
recipe,ice-platform
recipe,foundation
recipe,cliff-explosives
recipe,repair-pack
recipe,blueprint-recycling
recipe,deconstruction-planner-recycling
recipe,upgrade-planner-recycling
recipe,blueprint-book-recycling
recipe,boiler
recipe,steam-engine
recipe,solar-panel
recipe,accumulator
recipe,nuclear-reactor
recipe,heat-pipe
recipe,heat-exchanger
recipe,steam-turbine
recipe,fusion-reactor
recipe,fusion-generator
recipe,burner-mining-drill
recipe,electric-mining-drill
recipe,big-mining-drill
recipe,offshore-pump
recipe,pumpjack
recipe,stone-furnace
recipe,steel-furnace
recipe,electric-furnace
recipe,foundry
recipe,recycler
recipe,agricultural-tower
recipe,biochamber
recipe,captive-biter-spawner
recipe,captive-biter-spawner-recycling
recipe,assembling-machine-1
recipe,assembling-machine-2
recipe,assembling-machine-3
recipe,oil-refinery
recipe,chemical-plant
recipe,centrifuge
recipe,electromagnetic-plant
recipe,cryogenic-plant
recipe,lab
recipe,biolab
recipe,biolab-recycling
recipe,lightning-rod
recipe,lightning-collector
recipe,heating-tower
recipe,beacon
recipe,speed-module
recipe,speed-module-2
recipe,speed-module-3
recipe,efficiency-module
recipe,efficiency-module-2
recipe,efficiency-module-3
recipe,productivity-module
recipe,productivity-module-2
recipe,productivity-module-3
recipe,quality-module
recipe,quality-module-2
recipe,quality-module-3
recipe,empty-module-slot-recycling
recipe,basic-oil-processing
recipe,advanced-oil-processing
recipe,simple-coal-liquefaction
recipe,coal-liquefaction
recipe,heavy-oil-cracking
recipe,light-oil-cracking
recipe,solid-fuel-from-petroleum-gas
recipe,solid-fuel-from-light-oil
recipe,solid-fuel-from-heavy-oil
recipe,lubricant
recipe,sulfuric-acid
recipe,acid-neutralisation
recipe,steam-condensation
recipe,ice-melting
recipe,wood-recycling
recipe,wooden-chest-recycling
recipe,coal-recycling
recipe,stone-furnace-recycling
recipe,stone-recycling
recipe,iron-ore-recycling
recipe,copper-ore-recycling
recipe,uranium-ore-recycling
recipe,raw-fish-recycling
recipe,ice-platform-recycling
recipe,ice-recycling
recipe,firearm-magazine-recycling
recipe,iron-chest-recycling
recipe,iron-gear-wheel-recycling
recipe,iron-plate
recipe,iron-plate-recycling
recipe,iron-stick-recycling
recipe,light-armor-recycling
recipe,pipe-recycling
recipe,copper-cable-recycling
recipe,copper-plate
recipe,copper-plate-recycling
recipe,steel-chest-recycling
recipe,steel-plate
recipe,steel-plate-recycling
recipe,rocket-fuel-recycling
recipe,solid-fuel-recycling
recipe,plastic-bar
recipe,plastic-bar-recycling
recipe,sulfur
recipe,sulfur-recycling
recipe,battery
recipe,explosives
recipe,explosives-recycling
recipe,carbon
recipe,carbon-recycling
recipe,coal-synthesis
recipe,crude-oil-barrel-recycling
recipe,fluoroketone-cold-barrel-recycling
recipe,fluoroketone-hot-barrel-recycling
recipe,heavy-oil-barrel-recycling
recipe,light-oil-barrel-recycling
recipe,lubricant-barrel-recycling
recipe,petroleum-gas-barrel-recycling
recipe,sulfuric-acid-barrel-recycling
recipe,water-barrel-recycling
recipe,water-barrel
recipe,crude-oil-barrel
recipe,petroleum-gas-barrel
recipe,light-oil-barrel
recipe,heavy-oil-barrel
recipe,lubricant-barrel
recipe,sulfuric-acid-barrel
recipe,fluoroketone-hot-barrel
recipe,fluoroketone-cold-barrel
recipe,empty-water-barrel
recipe,empty-crude-oil-barrel
recipe,empty-petroleum-gas-barrel
recipe,empty-light-oil-barrel
recipe,empty-heavy-oil-barrel
recipe,empty-lubricant-barrel
recipe,empty-sulfuric-acid-barrel
recipe,empty-fluoroketone-hot-barrel
recipe,empty-fluoroketone-cold-barrel
recipe,iron-gear-wheel
recipe,iron-stick
recipe,copper-cable
recipe,barrel
recipe,barrel-recycling
recipe,electronic-circuit
recipe,advanced-circuit
recipe,processing-unit
recipe,engine-unit
recipe,electric-engine-unit
recipe,flying-robot-frame
recipe,low-density-structure
recipe,rocket-fuel
recipe,nuclear-fuel-recycling
recipe,uranium-processing
recipe,uranium-235-recycling
recipe,uranium-238-recycling
recipe,uranium-fuel-cell
recipe,uranium-fuel-cell-recycling
recipe,depleted-uranium-fuel-cell-recycling
recipe,nuclear-fuel-reprocessing
recipe,kovarex-enrichment-process
recipe,nuclear-fuel
recipe,calcite-recycling
recipe,molten-iron-from-lava
recipe,molten-copper-from-lava
recipe,molten-iron
recipe,molten-copper
recipe,casting-iron
recipe,casting-copper
recipe,casting-steel
recipe,casting-iron-gear-wheel
recipe,casting-iron-stick
recipe,casting-low-density-structure
recipe,concrete-from-molten-iron
recipe,casting-copper-cable
recipe,tungsten-ore-recycling
recipe,tungsten-carbide
recipe,tungsten-carbide-recycling
recipe,tungsten-plate
recipe,tungsten-plate-recycling
recipe,supercapacitor-recycling
recipe,scrap-recycling
recipe,holmium-ore-recycling
recipe,holmium-solution
recipe,holmium-plate
recipe,holmium-plate-recycling
recipe,superconductor
recipe,superconductor-recycling
recipe,electrolyte
recipe,supercapacitor
recipe,yumako-processing
recipe,yumako-seed-recycling
recipe,jellynut-processing
recipe,jellynut-seed-recycling
recipe,yumako-recycling
recipe,jellynut-recycling
recipe,iron-bacteria
recipe,iron-bacteria-recycling
recipe,iron-bacteria-cultivation
recipe,copper-bacteria
recipe,copper-bacteria-recycling
recipe,copper-bacteria-cultivation
recipe,nutrients-recycling
recipe,spoilage-recycling
recipe,nutrients-from-spoilage
recipe,nutrients-from-yumako-mash
recipe,nutrients-from-bioflux
recipe,pentapod-egg
recipe,bioflux-recycling
recipe,yumako-mash-recycling
recipe,jelly-recycling
recipe,rocket-fuel-from-jelly
recipe,biolubricant
recipe,bioplastic
recipe,biosulfur
recipe,carbon-fiber-recycling
recipe,bioflux
recipe,burnt-spoilage
recipe,carbon-fiber
recipe,biter-egg
recipe,biter-egg-recycling
recipe,pentapod-egg-recycling
recipe,wood-processing
recipe,tree-seed-recycling
recipe,fish-breeding
recipe,nutrients-from-fish
recipe,nutrients-from-biter-egg
recipe,quantum-processor-recycling
recipe,ammoniacal-solution-separation
recipe,solid-fuel-from-ammonia
recipe,ammonia-rocket-fuel
recipe,fluoroketone
recipe,fluoroketone-cooling
recipe,lithium
recipe,lithium-recycling
recipe,lithium-plate
recipe,lithium-plate-recycling
recipe,quantum-processor
recipe,fusion-power-cell
recipe,fusion-power-cell-recycling
recipe,automation-science-pack
recipe,automation-science-pack-recycling
recipe,logistic-science-pack
recipe,logistic-science-pack-recycling
recipe,military-science-pack
recipe,military-science-pack-recycling
recipe,chemical-science-pack
recipe,chemical-science-pack-recycling
recipe,production-science-pack
recipe,production-science-pack-recycling
recipe,utility-science-pack
recipe,utility-science-pack-recycling
recipe,space-science-pack
recipe,space-science-pack-recycling
recipe,metallurgic-science-pack
recipe,metallurgic-science-pack-recycling
recipe,agricultural-science-pack
recipe,agricultural-science-pack-recycling
recipe,electromagnetic-science-pack
recipe,electromagnetic-science-pack-recycling
recipe,cryogenic-science-pack
recipe,cryogenic-science-pack-recycling
recipe,promethium-science-pack
recipe,promethium-science-pack-recycling
recipe,coin-recycling
recipe,science-recycling
recipe,rocket-silo
recipe,rocket-part
recipe,cargo-landing-pad
recipe,space-platform-foundation
recipe,cargo-bay
recipe,asteroid-collector
recipe,crusher
recipe,thruster
recipe,space-platform-starter-pack
recipe,space-platform-hub-recycling
recipe,metallic-asteroid-chunk-recycling
recipe,carbonic-asteroid-chunk-recycling
recipe,oxide-asteroid-chunk-recycling
recipe,promethium-asteroid-chunk-recycling
recipe,metallic-asteroid-crushing
recipe,carbonic-asteroid-crushing
recipe,oxide-asteroid-crushing
recipe,metallic-asteroid-reprocessing
recipe,carbonic-asteroid-reprocessing
recipe,oxide-asteroid-reprocessing
recipe,advanced-metallic-asteroid-crushing
recipe,advanced-carbonic-asteroid-crushing
recipe,advanced-oxide-asteroid-crushing
recipe,thruster-fuel
recipe,advanced-thruster-fuel
recipe,thruster-oxidizer
recipe,advanced-thruster-oxidizer
recipe,pistol
recipe,submachine-gun
recipe,railgun
recipe,teslagun
recipe,shotgun
recipe,combat-shotgun
recipe,rocket-launcher
recipe,flamethrower
recipe,firearm-magazine
recipe,piercing-rounds-magazine
recipe,uranium-rounds-magazine
recipe,shotgun-shell
recipe,piercing-shotgun-shell
recipe,cannon-shell
recipe,explosive-cannon-shell
recipe,uranium-cannon-shell
recipe,explosive-uranium-cannon-shell
recipe,artillery-shell
recipe,rocket
recipe,explosive-rocket
recipe,atomic-bomb
recipe,capture-robot-rocket
recipe,flamethrower-ammo
recipe,flamethrower-ammo-recycling
recipe,railgun-ammo
recipe,tesla-ammo
recipe,grenade
recipe,cluster-grenade
recipe,poison-capsule
recipe,slowdown-capsule
recipe,defender-capsule
recipe,distractor-capsule
recipe,destroyer-capsule
recipe,light-armor
recipe,heavy-armor
recipe,modular-armor
recipe,power-armor
recipe,power-armor-mk2
recipe,mech-armor
recipe,solar-panel-equipment
recipe,fission-reactor-equipment
recipe,fusion-reactor-equipment
recipe,battery-equipment
recipe,battery-mk2-equipment
recipe,battery-mk3-equipment
recipe,belt-immunity-equipment
recipe,exoskeleton-equipment
recipe,personal-roboport-equipment
recipe,personal-roboport-mk2-equipment
recipe,night-vision-equipment
recipe,toolbelt-equipment
recipe,energy-shield-equipment
recipe,energy-shield-mk2-equipment
recipe,personal-laser-defense-equipment
recipe,discharge-defense-equipment
recipe,stone-wall
recipe,gate
recipe,radar
recipe,land-mine
recipe,gun-turret
recipe,laser-turret
recipe,flamethrower-turret
recipe,artillery-turret
recipe,rocket-turret
recipe,tesla-turret
recipe,railgun-turret
recipe,parameter-0
recipe,parameter-1
recipe,parameter-2
recipe,parameter-3
recipe,parameter-4
recipe,parameter-5
recipe,parameter-6
recipe,parameter-7
recipe,parameter-8
recipe,parameter-9
recipe,accumulator-recycling
recipe,active-provider-chest-recycling
recipe,advanced-circuit-recycling
recipe,agricultural-tower-recycling
recipe,arithmetic-combinator-recycling
recipe,artificial-jellynut-soil-recycling
recipe,artificial-yumako-soil-recycling
recipe,artillery-shell-recycling
recipe,artillery-turret-recycling
recipe,artillery-wagon-recycling
recipe,assembling-machine-1-recycling
recipe,assembling-machine-2-recycling
recipe,assembling-machine-3-recycling
recipe,asteroid-collector-recycling
recipe,atomic-bomb-recycling
recipe,battery-equipment-recycling
recipe,battery-mk2-equipment-recycling
recipe,battery-mk3-equipment-recycling
recipe,battery-recycling
recipe,beacon-recycling
recipe,belt-immunity-equipment-recycling
recipe,big-electric-pole-recycling
recipe,big-mining-drill-recycling
recipe,biochamber-recycling
recipe,boiler-recycling
recipe,buffer-chest-recycling
recipe,bulk-inserter-recycling
recipe,burner-inserter-recycling
recipe,burner-mining-drill-recycling
recipe,cannon-shell-recycling
recipe,capture-robot-rocket-recycling
recipe,car-recycling
recipe,cargo-bay-recycling
recipe,cargo-landing-pad-recycling
recipe,cargo-wagon-recycling
recipe,centrifuge-recycling
recipe,chemical-plant-recycling
recipe,cliff-explosives-recycling
recipe,cluster-grenade-recycling
recipe,combat-shotgun-recycling
recipe,concrete-recycling
recipe,constant-combinator-recycling
recipe,construction-robot-recycling
recipe,crusher-recycling
recipe,cryogenic-plant-recycling
recipe,decider-combinator-recycling
recipe,defender-capsule-recycling
recipe,destroyer-capsule-recycling
recipe,discharge-defense-equipment-recycling
recipe,display-panel-recycling
recipe,distractor-capsule-recycling
recipe,efficiency-module-2-recycling
recipe,efficiency-module-3-recycling
recipe,efficiency-module-recycling
recipe,electric-engine-unit-recycling
recipe,electric-furnace-recycling
recipe,electric-mining-drill-recycling
recipe,electromagnetic-plant-recycling
recipe,electronic-circuit-recycling
recipe,energy-shield-equipment-recycling
recipe,energy-shield-mk2-equipment-recycling
recipe,engine-unit-recycling
recipe,exoskeleton-equipment-recycling
recipe,explosive-cannon-shell-recycling
recipe,explosive-rocket-recycling
recipe,explosive-uranium-cannon-shell-recycling
recipe,express-loader-recycling
recipe,express-splitter-recycling
recipe,express-transport-belt-recycling
recipe,express-underground-belt-recycling
recipe,fast-inserter-recycling
recipe,fast-loader-recycling
recipe,fast-splitter-recycling
recipe,fast-transport-belt-recycling
recipe,fast-underground-belt-recycling
recipe,fission-reactor-equipment-recycling
recipe,flamethrower-recycling
recipe,flamethrower-turret-recycling
recipe,fluid-wagon-recycling
recipe,flying-robot-frame-recycling
recipe,foundation-recycling
recipe,foundry-recycling
recipe,fusion-generator-recycling
recipe,fusion-reactor-equipment-recycling
recipe,fusion-reactor-recycling
recipe,gate-recycling
recipe,grenade-recycling
recipe,gun-turret-recycling
recipe,heat-exchanger-recycling
recipe,heat-interface-recycling
recipe,heat-pipe-recycling
recipe,heating-tower-recycling
recipe,heavy-armor-recycling
recipe,infinity-chest-recycling
recipe,infinity-pipe-recycling
recipe,inserter-recycling
recipe,item-unknown-recycling
recipe,lab-recycling
recipe,land-mine-recycling
recipe,laser-turret-recycling
recipe,lightning-collector-recycling
recipe,lightning-rod-recycling
recipe,loader-recycling
recipe,locomotive-recycling
recipe,logistic-robot-recycling
recipe,long-handed-inserter-recycling
recipe,low-density-structure-recycling
recipe,mech-armor-recycling
recipe,medium-electric-pole-recycling
recipe,modular-armor-recycling
recipe,night-vision-equipment-recycling
recipe,nuclear-reactor-recycling
recipe,offshore-pump-recycling
recipe,oil-refinery-recycling
recipe,overgrowth-jellynut-soil-recycling
recipe,overgrowth-yumako-soil-recycling
recipe,passive-provider-chest-recycling
recipe,personal-laser-defense-equipment-recycling
recipe,personal-roboport-equipment-recycling
recipe,personal-roboport-mk2-equipment-recycling
recipe,piercing-rounds-magazine-recycling
recipe,piercing-shotgun-shell-recycling
recipe,pipe-to-ground-recycling
recipe,pistol-recycling
recipe,poison-capsule-recycling
recipe,power-armor-mk2-recycling
recipe,power-armor-recycling
recipe,power-switch-recycling
recipe,processing-unit-recycling
recipe,productivity-module-2-recycling
recipe,productivity-module-3-recycling
recipe,productivity-module-recycling
recipe,programmable-speaker-recycling
recipe,pump-recycling
recipe,pumpjack-recycling
recipe,quality-module-2-recycling
recipe,quality-module-3-recycling
recipe,quality-module-recycling
recipe,radar-recycling
recipe,rail-chain-signal-recycling
recipe,rail-ramp-recycling
recipe,rail-recycling
recipe,rail-signal-recycling
recipe,rail-support-recycling
recipe,railgun-ammo-recycling
recipe,railgun-recycling
recipe,railgun-turret-recycling
recipe,recipe-unknown
recipe,recycler-recycling
recipe,refined-concrete-recycling
recipe,repair-pack-recycling
recipe,requester-chest-recycling
recipe,roboport-recycling
recipe,rocket-launcher-recycling
recipe,rocket-recycling
recipe,rocket-silo-recycling
recipe,rocket-turret-recycling
recipe,selector-combinator-recycling
recipe,shotgun-recycling
recipe,shotgun-shell-recycling
recipe,slowdown-capsule-recycling
recipe,small-electric-pole-recycling
recipe,small-lamp-recycling
recipe,solar-panel-equipment-recycling
recipe,solar-panel-recycling
recipe,space-platform-foundation-recycling
recipe,space-platform-starter-pack-recycling
recipe,speed-module-2-recycling
recipe,speed-module-3-recycling
recipe,speed-module-recycling
recipe,spidertron-recycling
recipe,splitter-recycling
recipe,stack-inserter-recycling
recipe,steam-engine-recycling
recipe,steam-turbine-recycling
recipe,steel-furnace-recycling
recipe,storage-chest-recycling
recipe,storage-tank-recycling
recipe,submachine-gun-recycling
recipe,substation-recycling
recipe,tank-recycling
recipe,tesla-ammo-recycling
recipe,tesla-turret-recycling
recipe,teslagun-recycling
recipe,thruster-recycling
recipe,toolbelt-equipment-recycling
recipe,train-stop-recycling
recipe,transport-belt-recycling
recipe,turbo-loader-recycling
recipe,turbo-splitter-recycling
recipe,turbo-transport-belt-recycling
recipe,turbo-underground-belt-recycling
recipe,underground-belt-recycling
recipe,uranium-cannon-shell-recycling
recipe,uranium-rounds-magazine-recycling
recipe,electric-energy-interface-recycling
recipe,linked-chest-recycling
recipe,proxy-container-recycling
recipe,bottomless-chest-recycling
recipe,heat-interface
recipe,lane-splitter-recycling
recipe,linked-belt-recycling
recipe,one-way-valve-recycling
recipe,overflow-valve-recycling
recipe,top-up-valve-recycling
recipe,infinity-cargo-wagon-recycling
recipe,infinity-chest
recipe,infinity-pipe
recipe,selection-tool-recycling
recipe,simple-entity-with-force-recycling
recipe,simple-entity-with-owner-recycling
recipe,burner-generator-recycling
entity,wooden-chest
entity,iron-chest
entity,steel-chest
entity,storage-tank
entity,transport-belt
entity,fast-transport-belt
entity,express-transport-belt
entity,turbo-transport-belt
entity,underground-belt
entity,fast-underground-belt
entity,express-underground-belt
entity,turbo-underground-belt
entity,splitter
entity,fast-splitter
entity,express-splitter
entity,turbo-splitter
entity,loader
entity,fast-loader
entity,express-loader
entity,turbo-loader
entity,burner-inserter
entity,inserter
entity,long-handed-inserter
entity,fast-inserter
entity,bulk-inserter
entity,stack-inserter
entity,small-electric-pole
entity,medium-electric-pole
entity,big-electric-pole
entity,substation
entity,pipe
entity,pipe-to-ground
entity,pump
entity,straight-rail
entity,half-diagonal-rail
entity,curved-rail-a
entity,curved-rail-b
entity,elevated-straight-rail
entity,elevated-half-diagonal-rail
entity,elevated-curved-rail-a
entity,elevated-curved-rail-b
entity,legacy-straight-rail
entity,legacy-curved-rail
entity,rail-ramp
entity,rail-support
entity,train-stop
entity,rail-signal
entity,rail-chain-signal
entity,locomotive
entity,cargo-wagon
entity,fluid-wagon
entity,artillery-wagon
entity,car
entity,tank
entity,spidertron
entity,logistic-robot
entity,construction-robot
entity,active-provider-chest
entity,passive-provider-chest
entity,storage-chest
entity,buffer-chest
entity,requester-chest
entity,roboport
entity,small-lamp
entity,arithmetic-combinator
entity,decider-combinator
entity,selector-combinator
entity,constant-combinator
entity,power-switch
entity,programmable-speaker
entity,display-panel
entity,boiler
entity,steam-engine
entity,solar-panel
entity,accumulator
entity,nuclear-reactor
entity,heat-pipe
entity,heat-exchanger
entity,steam-turbine
entity,fusion-reactor
entity,fusion-generator
entity,burner-mining-drill
entity,electric-mining-drill
entity,big-mining-drill
entity,offshore-pump
entity,pumpjack
entity,stone-furnace
entity,steel-furnace
entity,electric-furnace
entity,foundry
entity,recycler
entity,agricultural-tower
entity,biochamber
entity,captive-biter-spawner
entity,assembling-machine-1
entity,assembling-machine-2
entity,assembling-machine-3
entity,oil-refinery
entity,chemical-plant
entity,centrifuge
entity,electromagnetic-plant
entity,cryogenic-plant
entity,lab
entity,biolab
entity,lightning-rod
entity,lightning-collector
entity,heating-tower
entity,beacon
entity,rocket-silo
entity,cargo-landing-pad
entity,space-platform-hub
entity,cargo-bay
entity,asteroid-collector
entity,crusher
entity,thruster
entity,stone-wall
entity,gate
entity,radar
entity,land-mine
entity,gun-turret
entity,laser-turret
entity,flamethrower-turret
entity,artillery-turret
entity,rocket-turret
entity,tesla-turret
entity,railgun-turret
entity,tree-plant
entity,yumako-tree
entity,jellystem
entity,simple-entity-with-force
entity,simple-entity-with-owner
entity,electric-energy-interface
entity,linked-chest
entity,proxy-container
entity,bottomless-chest
entity,heat-interface
entity,lane-splitter
entity,linked-belt
entity,one-way-valve
entity,overflow-valve
entity,top-up-valve
entity,infinity-cargo-wagon
entity,infinity-chest
entity,infinity-pipe
entity,burner-generator
entity,coal
entity,copper-ore
entity,iron-ore
entity,stone
entity,uranium-ore
entity,calcite
entity,tungsten-ore
entity,scrap
entity,cargo-pod
entity,cargo-pod-container
entity,small-metallic-asteroid
entity,medium-metallic-asteroid
entity,big-metallic-asteroid
entity,huge-metallic-asteroid
entity,small-carbonic-asteroid
entity,medium-carbonic-asteroid
entity,big-carbonic-asteroid
entity,huge-carbonic-asteroid
entity,small-oxide-asteroid
entity,medium-oxide-asteroid
entity,big-oxide-asteroid
entity,huge-oxide-asteroid
entity,small-promethium-asteroid
entity,medium-promethium-asteroid
entity,big-promethium-asteroid
entity,huge-promethium-asteroid
entity,defender
entity,distractor
entity,destroyer
entity,small-biter
entity,medium-biter
entity,big-biter
entity,behemoth-biter
entity,small-spitter
entity,medium-spitter
entity,big-spitter
entity,behemoth-spitter
entity,small-worm-turret
entity,medium-worm-turret
entity,big-worm-turret
entity,behemoth-worm-turret
entity,biter-spawner
entity,spitter-spawner
entity,small-wriggler-pentapod
entity,small-wriggler-pentapod-premature
entity,medium-wriggler-pentapod
entity,medium-wriggler-pentapod-premature
entity,big-wriggler-pentapod
entity,big-wriggler-pentapod-premature
entity,small-strafer-pentapod
entity,medium-strafer-pentapod
entity,big-strafer-pentapod
entity,small-stomper-pentapod
entity,medium-stomper-pentapod
entity,big-stomper-pentapod
entity,gleba-spawner
entity,gleba-spawner-small
entity,small-demolisher
entity,medium-demolisher
entity,big-demolisher
entity,cliff
entity,cliff-fulgora
entity,cliff-gleba
entity,cliff-vulcanus
entity,crater-cliff
entity,character
entity,fish
entity,tree-01
entity,tree-02
entity,tree-02-red
entity,tree-03
entity,tree-04
entity,tree-05
entity,tree-06
entity,tree-06-brown
entity,tree-07
entity,tree-08
entity,tree-08-brown
entity,tree-08-red
entity,tree-09
entity,tree-09-brown
entity,tree-09-red
entity,dead-dry-hairy-tree
entity,dead-grey-trunk
entity,dead-tree-desert
entity,dry-hairy-tree
entity,dry-tree
entity,ashland-lichen-tree
entity,ashland-lichen-tree-flaming
entity,slipstack
entity,funneltrunk
entity,hairyclubnub
entity,teflilly
entity,lickmaw
entity,stingfrond
entity,boompuff
entity,sunnycomb
entity,cuttlepop
entity,water-cane
entity,big-sand-rock
entity,big-rock
entity,huge-rock
entity,big-volcanic-rock
entity,huge-volcanic-rock
entity,vulcanus-chimney-short
entity,vulcanus-chimney-truncated
entity,vulcanus-chimney
entity,vulcanus-chimney-cold
entity,vulcanus-chimney-faded
entity,small-demolisher-corpse
entity,medium-demolisher-corpse
entity,big-demolisher-corpse
entity,copper-stromatolite
entity,iron-stromatolite
entity,big-stomper-shell
entity,medium-stomper-shell
entity,small-stomper-shell
entity,big-fulgora-rock
entity,fulgurite-small
entity,fulgurite
entity,fulgoran-ruin-attractor
entity,fulgoran-ruin-small
entity,fulgoran-ruin-medium
entity,fulgoran-ruin-stonehenge
entity,fulgoran-ruin-big
entity,fulgoran-ruin-colossal
entity,fulgoran-ruin-huge
entity,fulgoran-ruin-vault
entity,lithium-iceberg-big
entity,lithium-iceberg-huge
entity,crude-oil
entity,sulfuric-acid-geyser
entity,lithium-brine
entity,fluorine-vent
entity,lightning
entity,big-stomper-corpse
entity,big-strafer-corpse
entity,medium-stomper-corpse
entity,medium-strafer-corpse
entity,small-stomper-corpse
entity,small-strafer-corpse
entity,small-biter-corpse
entity,medium-biter-corpse
entity,big-biter-corpse
entity,behemoth-biter-corpse
entity,biter-spawner-corpse
entity,small-spitter-corpse
entity,medium-spitter-corpse
entity,big-spitter-corpse
entity,behemoth-spitter-corpse
entity,spitter-spawner-corpse
entity,small-worm-corpse
entity,small-worm-corpse-burrowed
entity,medium-worm-corpse
entity,medium-worm-corpse-burrowed
entity,big-worm-corpse
entity,big-worm-corpse-burrowed
entity,behemoth-worm-corpse
entity,behemoth-worm-corpse-burrowed
entity,gleba-spawner-corpse
entity,gleba-spawner-corpse-small
entity,small-wriggler-pentapod-corpse
entity,medium-wriggler-pentapod-corpse
entity,big-wriggler-pentapod-corpse
entity,wooden-chest-remnants
entity,iron-chest-remnants
entity,steel-chest-remnants
entity,storage-tank-remnants
entity,transport-belt-remnants
entity,fast-transport-belt-remnants
entity,express-transport-belt-remnants
entity,turbo-transport-belt-remnants
entity,underground-belt-remnants
entity,fast-underground-belt-remnants
entity,express-underground-belt-remnants
entity,turbo-underground-belt-remnants
entity,splitter-remnants
entity,fast-splitter-remnants
entity,express-splitter-remnants
entity,turbo-splitter-remnants
entity,burner-inserter-remnants
entity,inserter-remnants
entity,long-handed-inserter-remnants
entity,fast-inserter-remnants
entity,bulk-inserter-remnants
entity,stack-inserter-remnants
entity,small-electric-pole-remnants
entity,medium-electric-pole-remnants
entity,big-electric-pole-remnants
entity,beacon-remnants
entity,pipe-remnants
entity,pipe-to-ground-remnants
entity,pump-remnants
entity,substation-remnants
entity,train-stop-remnants
entity,rail-signal-remnants
entity,rail-chain-signal-remnants
entity,locomotive-remnants
entity,cargo-wagon-remnants
entity,fluid-wagon-remnants
entity,artillery-wagon-remnants
entity,elevated-rail-remnants
entity,rail-ramp-remnants
entity,rail-support-remnants
entity,car-remnants
entity,tank-remnants
entity,spidertron-remnants
entity,active-provider-chest-remnants
entity,passive-provider-chest-remnants
entity,storage-chest-remnants
entity,buffer-chest-remnants
entity,requester-chest-remnants
entity,cargo-landing-pad-remnants
entity,roboport-remnants
entity,lamp-remnants
entity,arithmetic-combinator-remnants
entity,selector-combinator-remnants
entity,decider-combinator-remnants
entity,power-switch-remnants
entity,constant-combinator-remnants
entity,programmable-speaker-remnants
entity,display-panel-remnants
entity,boiler-remnants
entity,steam-engine-remnants
entity,solar-panel-remnants
entity,accumulator-remnants
entity,nuclear-reactor-remnants
entity,heat-pipe-remnants
entity,heat-exchanger-remnants
entity,steam-turbine-remnants
entity,fusion-reactor-remnants
entity,fusion-generator-remnants
entity,big-mining-drill-remnants
entity,burner-mining-drill-remnants
entity,electric-mining-drill-remnants
entity,pumpjack-remnants
entity,offshore-pump-remnants
entity,electric-furnace-remnants
entity,steel-furnace-remnants
entity,stone-furnace-remnants
entity,foundry-remnants
entity,recycler-remnants
entity,agricultural-tower-remnants
entity,biochamber-remnants
entity,biolab-remnants
entity,assembling-machine-1-remnants
entity,assembling-machine-2-remnants
entity,assembling-machine-3-remnants
entity,oil-refinery-remnants
entity,chemical-plant-remnants
entity,centrifuge-remnants
entity,lab-remnants
entity,electromagnetic-plant-remnants
entity,cryogenic-plant-remnants
entity,lightning-rod-remnants
entity,cargo-bay-remnants
entity,crusher-remnants
entity,lightning-collector-remnants
entity,heating-tower-remnants
entity,wall-remnants
entity,gate-remnants
entity,gun-turret-remnants
entity,railgun-turret-remnants
entity,rocket-turret-remnants
entity,tesla-turret-remnants
entity,laser-turret-remnants
entity,flamethrower-turret-remnants
entity,artillery-turret-remnants
entity,radar-remnants
entity,rocket-silo-remnants
entity,land-mine-remnants
entity,small-remnants
entity,1x2-remnants
entity,big-remnants
entity,medium-remnants
entity,medium-small-remnants
entity,cargo-pod-container-remnants
entity,small-scorchmark
entity,small-scorchmark-tintable
entity,medium-scorchmark
entity,medium-scorchmark-tintable
entity,big-scorchmark
entity,big-scorchmark-tintable
entity,huge-scorchmark
entity,huge-scorchmark-tintable
entity,small-demolisher-fissure-scorchmark
entity,small-demolisher-trail-lower
entity,small-demolisher-trail-upper
entity,medium-demolisher-fissure-scorchmark
entity,medium-demolisher-trail-lower
entity,medium-demolisher-trail-upper
entity,big-demolisher-fissure-scorchmark
entity,big-demolisher-trail-lower
entity,big-demolisher-trail-upper
entity,construction-robot-remnants
entity,defender-remnants
entity,destroyer-remnants
entity,distractor-remnants
entity,logistic-robot-remnants
entity,half-diagonal-rail-remnants
entity,legacy-straight-rail-remnants
entity,straight-rail-remnants
entity,curved-rail-a-remnants
entity,curved-rail-b-remnants
entity,legacy-curved-rail-remnants
entity,rail-ending-remnants
entity,tree-01-stump
entity,tree-02-stump
entity,tree-03-stump
entity,tree-04-stump
entity,tree-05-stump
entity,tree-06-stump
entity,tree-07-stump
entity,tree-08-stump
entity,tree-09-stump
entity,ashland-lichen-tree-stump
entity,asteroid-collector-remnants
entity,thruster-remnants
entity,wooden-chest-explosion
entity,iron-chest-explosion
entity,steel-chest-explosion
entity,storage-tank-explosion
entity,cargo-pod-container-explosion
entity,transport-belt-explosion
entity,fast-transport-belt-explosion
entity,express-transport-belt-explosion
entity,turbo-transport-belt-explosion
entity,underground-belt-explosion
entity,fast-underground-belt-explosion
entity,express-underground-belt-explosion
entity,turbo-underground-belt-explosion
entity,splitter-explosion
entity,fast-splitter-explosion
entity,express-splitter-explosion
entity,turbo-splitter-explosion
entity,burner-inserter-explosion
entity,inserter-explosion
entity,long-handed-inserter-explosion
entity,fast-inserter-explosion
entity,bulk-inserter-explosion
entity,stack-inserter-explosion
entity,small-electric-pole-explosion
entity,medium-electric-pole-explosion
entity,big-electric-pole-explosion
entity,substation-explosion
entity,pipe-explosion
entity,pipe-to-ground-explosion
entity,pump-explosion
entity,elevated-rail-explosion
entity,rail-explosion
entity,rail-ramp-explosion-higher
entity,rail-ramp-explosion-lower
entity,rail-ramp-explosion-middle
entity,rail-support-explosion
entity,train-stop-explosion
entity,rail-signal-explosion
entity,rail-chain-signal-explosion
entity,locomotive-explosion
entity,fluid-wagon-explosion
entity,cargo-wagon-explosion
entity,artillery-wagon-explosion
entity,car-explosion
entity,tank-explosion
entity,spidertron-explosion
entity,logistic-robot-explosion
entity,construction-robot-explosion
entity,active-provider-chest-explosion
entity,passive-provider-chest-explosion
entity,buffer-chest-explosion
entity,storage-chest-explosion
entity,requester-chest-explosion
entity,roboport-explosion
entity,lamp-explosion
entity,arithmetic-combinator-explosion
entity,selector-combinator-explosion
entity,decider-combinator-explosion
entity,constant-combinator-explosion
entity,power-switch-explosion
entity,programmable-speaker-explosion
entity,display-panel-explosion
entity,boiler-explosion
entity,steam-engine-explosion
entity,solar-panel-explosion
entity,accumulator-explosion
entity,nuclear-reactor-explosion
entity,heat-pipe-explosion
entity,heat-exchanger-explosion
entity,steam-turbine-explosion
entity,fusion-generator-explosion
entity,fusion-reactor-explosion
entity,burner-mining-drill-explosion
entity,electric-mining-drill-explosion
entity,big-mining-drill-explosion
entity,offshore-pump-explosion
entity,pumpjack-explosion
entity,stone-furnace-explosion
entity,steel-furnace-explosion
entity,electric-furnace-explosion
entity,foundry-explosion
entity,recycler-explosion
entity,agricultural-tower-explosion
entity,biochamber-explosion
entity,biolab-explosion
entity,captive-spawner-explosion-1
entity,captive-spawner-explosion-2
entity,assembling-machine-1-explosion
entity,assembling-machine-2-explosion
entity,assembling-machine-3-explosion
entity,oil-refinery-explosion
entity,chemical-plant-explosion
entity,centrifuge-explosion
entity,lab-explosion
entity,electromagnetic-plant-explosion
entity,cryogenic-plant-explosion
entity,heating-tower-explosion
entity,beacon-explosion
entity,asteroid-collector-explosion
entity,thruster-explosion
entity,space-platform-foundation-explosion
entity,land-mine-explosion
entity,slowdown-capsule-explosion
entity,wall-explosion
entity,gate-explosion
entity,gun-turret-explosion
entity,laser-turret-explosion
entity,flamethrower-turret-explosion
entity,artillery-turret-explosion
entity,radar-explosion
entity,rocket-silo-explosion
entity,defender-robot-explosion
entity,distractor-robot-explosion
entity,destroyer-robot-explosion
entity,capture-robot-explosion
entity,small-biter-die
entity,medium-biter-die
entity,big-biter-die
entity,behemoth-biter-die
entity,big-stomper-pentapod-die
entity,big-stomper-pentapod-leg-die
entity,big-strafer-pentapod-die
entity,big-strafer-pentapod-leg-die
entity,biter-spawner-die
entity,medium-stomper-pentapod-die
entity,medium-stomper-pentapod-leg-die
entity,medium-strafer-pentapod-die
entity,medium-strafer-pentapod-leg-die
entity,small-stomper-pentapod-die
entity,small-stomper-pentapod-leg-die
entity,small-strafer-pentapod-die
entity,small-strafer-pentapod-leg-die
entity,small-spitter-die
entity,medium-spitter-die
entity,big-spitter-die
entity,behemoth-spitter-die
entity,spitter-spawner-die
entity,small-worm-die
entity,medium-worm-die
entity,big-worm-die
entity,behemoth-worm-die
entity,big-wriggler-die
entity,medium-wriggler-die
entity,small-wriggler-die
entity,water-splash
entity,blood-explosion-small
entity,blood-explosion-big
entity,blood-explosion-huge
entity,gleba-blood-explosion-small
entity,gleba-blood-explosion-big
entity,gleba-blood-explosion-huge
entity,atomic-nuke-shockwave
entity,explosion-gunshot
entity,explosion-gunshot-small
entity,massive-explosion
entity,medium-explosion
entity,railgun-beam
entity,explosion-hit
entity,laser-bubble
entity,grenade-explosion
entity,aquilo-tiles-inner-explosion
entity,aquilo-tiles-outer-explosion
entity,ground-explosion
entity,vulcanus-cliff-collapse
entity,big-artillery-explosion
entity,artillery-cannon-muzzle-flash
entity,explosion
entity,big-explosion
entity,uranium-cannon-explosion
entity,uranium-cannon-shell-explosion
entity,nuke-explosion
entity,nuke-effects-nauvis
entity,nuke-effects-aquilo
entity,nuke-effects-space
entity,nuke-effects-vulcanus
entity,cluster-nuke-explosion
entity,small-demolisher-fissure
entity,small-demolisher-fissure-damage-explosion
entity,small-demolisher-fissure-explosion
entity,medium-demolisher-fissure
entity,medium-demolisher-fissure-damage-explosion
entity,medium-demolisher-fissure-explosion
entity,big-demolisher-fissure
entity,big-demolisher-fissure-damage-explosion
entity,big-demolisher-fissure-explosion
entity,enemy-damaged-explosion
entity,gleba-enemy-damaged-explosion
entity,spark-explosion
entity,spark-explosion-higher
entity,wall-damaged-explosion
entity,flying-robot-damaged-explosion
entity,rock-damaged-explosion
entity,nuclear-smouldering-smoke-source
entity,blood-fountain-hit-spray
entity,blood-fountain
entity,blood-fountain-big
entity,gleba-blood-fountain-hit-spray
entity,gleba-blood-fountain
entity,gleba-blood-fountain-big
entity,parameter-0
entity,parameter-1
entity,parameter-2
entity,parameter-3
entity,parameter-4
entity,parameter-5
entity,parameter-6
entity,parameter-7
entity,parameter-8
entity,parameter-9
entity,acid-splash-fire-spitter-behemoth
entity,acid-splash-fire-spitter-big
entity,acid-splash-fire-spitter-medium
entity,acid-splash-fire-spitter-small
entity,acid-splash-fire-worm-behemoth
entity,acid-splash-fire-worm-big
entity,acid-splash-fire-worm-medium
entity,acid-splash-fire-worm-small
entity,acid-sticker-behemoth
entity,acid-sticker-big
entity,acid-sticker-medium
entity,acid-sticker-small
entity,acid-stream-spitter-behemoth
entity,acid-stream-spitter-big
entity,acid-stream-spitter-medium
entity,acid-stream-spitter-small
entity,acid-stream-worm-behemoth
entity,acid-stream-worm-big
entity,acid-stream-worm-medium
entity,acid-stream-worm-small
entity,artillery-flare
entity,artillery-projectile
entity,atomic-bomb-ground-zero-projectile
entity,atomic-bomb-wave
entity,atomic-bomb-wave-spawns-cluster-nuke-explosion
entity,atomic-bomb-wave-spawns-fire-smoke-explosion
entity,atomic-bomb-wave-spawns-nuclear-smoke
entity,atomic-bomb-wave-spawns-nuke-shockwave-explosion
entity,atomic-fire-smoke
entity,atomic-rocket
entity,big-acid-splash-fire-stomper
entity,big-acid-sticker-stomper
entity,big-acid-stream-stomper
entity,big-demolisher-segment-x0_65
entity,big-demolisher-segment-x0_77
entity,big-demolisher-segment-x0_87
entity,big-demolisher-segment-x0_97
entity,big-demolisher-segment-x0_99
entity,big-demolisher-segment-x1_08
entity,big-demolisher-segment-x1_09
entity,big-demolisher-segment-x1_1
entity,big-demolisher-segment-x1_17
entity,big-demolisher-segment-x1_2
entity,big-demolisher-segment-x1_27
entity,big-demolisher-segment-x1_28
entity,big-demolisher-segment-x1_3
entity,big-demolisher-segment-x1_33
entity,big-demolisher-segment-x1_36
entity,big-demolisher-segment-x1_37
entity,big-demolisher-segment-x1_4
entity,big-demolisher-segment-x1_41
entity,big-demolisher-segment-x1_52
entity,big-demolisher-tail-x0_64
entity,big-stomper-pentapod-leg
entity,big-strafer-pentapod-leg
entity,big-strafer-projectile
entity,bioflux-speed-regen-sticker
entity,bioflux-speed-regen-sticker-behind
entity,blue-laser
entity,boompuff-explosion
entity,boompuff-seed
entity,cannon-projectile
entity,capture-robot-rocket
entity,carbonic-asteroid-explosion-1
entity,carbonic-asteroid-explosion-2
entity,carbonic-asteroid-explosion-3
entity,carbonic-asteroid-explosion-4
entity,carbonic-asteroid-explosion-5
entity,cargo-pod-shadow
entity,chain-tesla-gun-beam-bounce
entity,chain-tesla-gun-beam-start
entity,chain-tesla-turret-beam-bounce
entity,chain-tesla-turret-beam-start
entity,character-corpse
entity,cliff-explosives
entity,cluster-grenade
entity,compi-speech-bubble
entity,crash-site-chest-1
entity,crash-site-chest-2
entity,crash-site-explosion-smoke
entity,crash-site-fire-flame
entity,crash-site-fire-smoke
entity,crash-site-spaceship
entity,crash-site-spaceship-wreck-big-1
entity,crash-site-spaceship-wreck-big-2
entity,crash-site-spaceship-wreck-medium-1
entity,crash-site-spaceship-wreck-medium-2
entity,crash-site-spaceship-wreck-medium-3
entity,crash-site-spaceship-wreck-small-1
entity,crash-site-spaceship-wreck-small-2
entity,crash-site-spaceship-wreck-small-3
entity,crash-site-spaceship-wreck-small-4
entity,crash-site-spaceship-wreck-small-5
entity,crash-site-spaceship-wreck-small-6
entity,deconstructible-tile-proxy
entity,defender-capsule
entity,destroyer-capsule
entity,distractor-capsule
entity,dummy-elevated-curved-rail-a
entity,dummy-elevated-curved-rail-b
entity,dummy-elevated-half-diagonal-rail
entity,dummy-elevated-straight-rail
entity,dummy-rail-ramp
entity,dummy-rail-support
entity,dummy-spider-unit
entity,electric-beam
entity,electric-beam-no-sound
entity,electric-mini-stun
entity,entity-ghost
entity,entity-unknown
entity,explosive-cannon-projectile
entity,explosive-rocket
entity,explosive-uranium-cannon-projectile
entity,express-transport-belt-explosion-base
entity,express-underground-belt-explosion-base
entity,factorio-logo-11tiles
entity,factorio-logo-16tiles
entity,factorio-logo-22tiles
entity,fake-selection-box-2x2
entity,fast-transport-belt-explosion-base
entity,fast-underground-belt-explosion-base
entity,fire-flame
entity,fire-flame-on-tree
entity,fire-sticker
entity,flamethrower-fire-stream
entity,foundation-tile-explosion
entity,grenade
entity,handheld-flamethrower-fire-stream
entity,highlight-box
entity,item-on-ground
entity,item-request-proxy
entity,jellynut-speed-sticker
entity,jellynut-speed-sticker-behind
entity,laser
entity,laser-beam
entity,loader-1x1
entity,medium-acid-splash-fire-stomper
entity,medium-acid-sticker-stomper
entity,medium-acid-stream-stomper
entity,medium-demolisher-segment-x0_4875
entity,medium-demolisher-segment-x0_5775
entity,medium-demolisher-segment-x0_6525
entity,medium-demolisher-segment-x0_7275
entity,medium-demolisher-segment-x0_7425
entity,medium-demolisher-segment-x0_81
entity,medium-demolisher-segment-x0_8175
entity,medium-demolisher-segment-x0_825
entity,medium-demolisher-segment-x0_8775
entity,medium-demolisher-segment-x0_9
entity,medium-demolisher-segment-x0_9525
entity,medium-demolisher-segment-x0_96
entity,medium-demolisher-segment-x0_975
entity,medium-demolisher-segment-x0_9975
entity,medium-demolisher-segment-x1_02
entity,medium-demolisher-segment-x1_0275
entity,medium-demolisher-segment-x1_05
entity,medium-demolisher-segment-x1_0575
entity,medium-demolisher-segment-x1_14
entity,medium-demolisher-tail-x0_48
entity,medium-stomper-pentapod-leg
entity,medium-strafer-pentapod-leg
entity,medium-strafer-projectile
entity,metallic-asteroid-explosion-1
entity,metallic-asteroid-explosion-2
entity,metallic-asteroid-explosion-3
entity,metallic-asteroid-explosion-4
entity,metallic-asteroid-explosion-5
entity,orange-arrow-with-circle
entity,oxide-asteroid-explosion-1
entity,oxide-asteroid-explosion-2
entity,oxide-asteroid-explosion-3
entity,oxide-asteroid-explosion-4
entity,oxide-asteroid-explosion-5
entity,piercing-shotgun-pellet
entity,pipe-explosion-base
entity,pipe-to-ground-explosion-base
entity,poison-capsule
entity,poison-cloud
entity,poison-cloud-visual-dummy
entity,promethium-asteroid-explosion-1
entity,promethium-asteroid-explosion-2
entity,promethium-asteroid-explosion-3
entity,promethium-asteroid-explosion-4
entity,promethium-asteroid-explosion-5
entity,rocket
entity,rocket-silo-rocket
entity,rocket-silo-rocket-shadow
entity,shotgun-pellet
entity,slowdown-capsule
entity,slowdown-sticker
entity,small-acid-splash-fire-stomper
entity,small-acid-sticker-stomper
entity,small-acid-stream-stomper
entity,small-demolisher-segment-x0_325
entity,small-demolisher-segment-x0_385
entity,small-demolisher-segment-x0_435
entity,small-demolisher-segment-x0_485
entity,small-demolisher-segment-x0_495
entity,small-demolisher-segment-x0_54
entity,small-demolisher-segment-x0_545
entity,small-demolisher-segment-x0_55
entity,small-demolisher-segment-x0_585
entity,small-demolisher-segment-x0_6
entity,small-demolisher-segment-x0_635
entity,small-demolisher-segment-x0_64
entity,small-demolisher-segment-x0_65
entity,small-demolisher-segment-x0_665
entity,small-demolisher-segment-x0_68
entity,small-demolisher-segment-x0_685
entity,small-demolisher-segment-x0_7
entity,small-demolisher-segment-x0_705
entity,small-demolisher-segment-x0_76
entity,small-demolisher-tail-x0_32
entity,small-stomper-pentapod-leg
entity,small-strafer-pentapod-leg
entity,small-strafer-projectile
entity,spidertron-leg-1
entity,spidertron-leg-2
entity,spidertron-leg-3
entity,spidertron-leg-4
entity,spidertron-leg-5
entity,spidertron-leg-6
entity,spidertron-leg-7
entity,spidertron-leg-8
entity,strafer-sticker
entity,stun-sticker
entity,tank-flamethrower-fire-stream
entity,tesla-turret-slow
entity,tesla-turret-stun
entity,tile-ghost
entity,tile-proxy
entity,transport-belt-explosion-base
entity,tree-dying-proxy
entity,tree-proxy
entity,turbo-transport-belt-explosion-base
entity,turbo-underground-belt-explosion-base
entity,underground-belt-explosion-base
entity,uranium-cannon-projectile
entity,wube-logo-space-platform
entity,yumako-regen-sticker
entity,yumako-regen-sticker-behind
entity,blue-chest
entity,market
entity,capture-robot
entity,hidden-electric-energy-interface
entity,red-chest
entity,small-demolisher-ash-cloud
entity,small-demolisher-ash-cloud-trail
entity,small-demolisher-expanding-ash-cloud-1
entity,small-demolisher-expanding-ash-cloud-2
entity,small-demolisher-expanding-ash-cloud-3
entity,small-demolisher-expanding-ash-cloud-4
entity,small-demolisher-expanding-ash-cloud-5
entity,small-demolisher-expanding-ash-cloud-6
entity,small-demolisher-expanding-ash-cloud-7
entity,small-demolisher-expanding-ash-cloud-8
entity,small-demolisher-expanding-ash-cloud-9
entity,small-demolisher-expanding-ash-cloud-10
entity,small-demolisher-expanding-ash-cloud-11
entity,small-demolisher-expanding-ash-cloud-12
entity,small-demolisher-expanding-ash-cloud-13
entity,small-demolisher-expanding-ash-cloud-14
entity,small-demolisher-expanding-ash-cloud-15
entity,small-demolisher-expanding-ash-cloud-16
entity,small-demolisher-expanding-ash-cloud-17
entity,small-demolisher-expanding-ash-cloud-18
entity,small-demolisher-expanding-ash-cloud-19
entity,small-demolisher-expanding-ash-cloud-20
entity,small-demolisher-expanding-ash-cloud-21
entity,small-demolisher-expanding-ash-cloud-22
entity,small-demolisher-expanding-ash-cloud-23
entity,small-demolisher-expanding-ash-cloud-24
entity,small-demolisher-expanding-ash-cloud-25
entity,small-demolisher-expanding-ash-cloud-26
entity,small-demolisher-expanding-ash-cloud-27
entity,small-demolisher-expanding-ash-cloud-28
entity,small-demolisher-expanding-ash-cloud-29
entity,small-demolisher-expanding-ash-cloud-30
entity,medium-demolisher-ash-cloud
entity,medium-demolisher-ash-cloud-trail
entity,medium-demolisher-expanding-ash-cloud-1
entity,medium-demolisher-expanding-ash-cloud-2
entity,medium-demolisher-expanding-ash-cloud-3
entity,medium-demolisher-expanding-ash-cloud-4
entity,medium-demolisher-expanding-ash-cloud-5
entity,medium-demolisher-expanding-ash-cloud-6
entity,medium-demolisher-expanding-ash-cloud-7
entity,medium-demolisher-expanding-ash-cloud-8
entity,medium-demolisher-expanding-ash-cloud-9
entity,medium-demolisher-expanding-ash-cloud-10
entity,medium-demolisher-expanding-ash-cloud-11
entity,medium-demolisher-expanding-ash-cloud-12
entity,medium-demolisher-expanding-ash-cloud-13
entity,medium-demolisher-expanding-ash-cloud-14
entity,medium-demolisher-expanding-ash-cloud-15
entity,medium-demolisher-expanding-ash-cloud-16
entity,medium-demolisher-expanding-ash-cloud-17
entity,medium-demolisher-expanding-ash-cloud-18
entity,medium-demolisher-expanding-ash-cloud-19
entity,medium-demolisher-expanding-ash-cloud-20
entity,medium-demolisher-expanding-ash-cloud-21
entity,medium-demolisher-expanding-ash-cloud-22
entity,medium-demolisher-expanding-ash-cloud-23
entity,medium-demolisher-expanding-ash-cloud-24
entity,medium-demolisher-expanding-ash-cloud-25
entity,medium-demolisher-expanding-ash-cloud-26
entity,medium-demolisher-expanding-ash-cloud-27
entity,medium-demolisher-expanding-ash-cloud-28
entity,medium-demolisher-expanding-ash-cloud-29
entity,medium-demolisher-expanding-ash-cloud-30
entity,big-demolisher-ash-cloud
entity,big-demolisher-ash-cloud-trail
entity,big-demolisher-expanding-ash-cloud-1
entity,big-demolisher-expanding-ash-cloud-2
entity,big-demolisher-expanding-ash-cloud-3
entity,big-demolisher-expanding-ash-cloud-4
entity,big-demolisher-expanding-ash-cloud-5
entity,big-demolisher-expanding-ash-cloud-6
entity,big-demolisher-expanding-ash-cloud-7
entity,big-demolisher-expanding-ash-cloud-8
entity,big-demolisher-expanding-ash-cloud-9
entity,big-demolisher-expanding-ash-cloud-10
entity,big-demolisher-expanding-ash-cloud-11
entity,big-demolisher-expanding-ash-cloud-12
entity,big-demolisher-expanding-ash-cloud-13
entity,big-demolisher-expanding-ash-cloud-14
entity,big-demolisher-expanding-ash-cloud-15
entity,big-demolisher-expanding-ash-cloud-16
entity,big-demolisher-expanding-ash-cloud-17
entity,big-demolisher-expanding-ash-cloud-18
entity,big-demolisher-expanding-ash-cloud-19
entity,big-demolisher-expanding-ash-cloud-20
entity,big-demolisher-expanding-ash-cloud-21
entity,big-demolisher-expanding-ash-cloud-22
entity,big-demolisher-expanding-ash-cloud-23
entity,big-demolisher-expanding-ash-cloud-24
entity,big-demolisher-expanding-ash-cloud-25
entity,big-demolisher-expanding-ash-cloud-26
entity,big-demolisher-expanding-ash-cloud-27
entity,big-demolisher-expanding-ash-cloud-28
entity,big-demolisher-expanding-ash-cloud-29
entity,big-demolisher-expanding-ash-cloud-30
entity,demolisher-ash-cloud-visual-dummy
entity,demolisher-ash-sticker
space-location,nauvis
space-location,vulcanus
space-location,gleba
space-location,fulgora
space-location,aquilo
space-location,solar-system-edge
space-location,shattered-planet
space-location,space-location-unknown
asteroid-chunk,metallic-asteroid-chunk
asteroid-chunk,carbonic-asteroid-chunk
asteroid-chunk,oxide-asteroid-chunk
asteroid-chunk,promethium-asteroid-chunk
asteroid-chunk,parameter-0
asteroid-chunk,parameter-1
asteroid-chunk,parameter-2
asteroid-chunk,parameter-3
asteroid-chunk,parameter-4
asteroid-chunk,parameter-5
asteroid-chunk,parameter-6
asteroid-chunk,parameter-7
asteroid-chunk,parameter-8
asteroid-chunk,parameter-9
asteroid-chunk,asteroid-chunk-unknown
quality,normal
quality,uncommon
quality,rare
quality,epic
quality,legendary
quality,quality-unknown
virtual,signal-everything
virtual,signal-each
virtual,signal-anything
virtual,signal-0
virtual,signal-1
virtual,signal-2
virtual,signal-3
virtual,signal-4
virtual,signal-5
virtual,signal-6
virtual,signal-7
virtual,signal-8
virtual,signal-9
virtual,signal-A
virtual,signal-B
virtual,signal-C
virtual,signal-D
virtual,signal-E
virtual,signal-F
virtual,signal-G
virtual,signal-H
virtual,signal-I
virtual,signal-J
virtual,signal-K
virtual,signal-L
virtual,signal-M
virtual,signal-N
virtual,signal-O
virtual,signal-P
virtual,signal-Q
virtual,signal-R
virtual,signal-S
virtual,signal-T
virtual,signal-U
virtual,signal-V
virtual,signal-W
virtual,signal-X
virtual,signal-Y
virtual,signal-Z
virtual,signal-comma
virtual,signal-letter-dot
virtual,signal-exclamation-mark
virtual,signal-question-mark
virtual,signal-colon
virtual,signal-slash
virtual,signal-apostrophe
virtual,signal-quotation-mark
virtual,signal-ampersand
virtual,signal-circumflex-accent
virtual,signal-number-sign
virtual,signal-percent
virtual,signal-plus
virtual,signal-minus
virtual,signal-multiplication
virtual,signal-division
virtual,signal-equal
virtual,signal-not-equal
virtual,signal-less-than
virtual,signal-greater-than
virtual,signal-less-than-or-equal-to
virtual,signal-greater-than-or-equal-to
virtual,signal-left-parenthesis
virtual,signal-right-parenthesis
virtual,signal-left-square-bracket
virtual,signal-right-square-bracket
virtual,signal-red
virtual,signal-green
virtual,signal-blue
virtual,signal-cyan
virtual,signal-pink
virtual,signal-yellow
virtual,signal-white
virtual,signal-grey
virtual,signal-black
virtual,signal-check
virtual,signal-deny
virtual,signal-no-entry
virtual,signal-heart
virtual,signal-alert
virtual,signal-star
virtual,signal-info
virtual,shape-vertical
virtual,shape-horizontal
virtual,shape-curve
virtual,shape-curve-2
virtual,shape-corner
virtual,shape-corner-2
virtual,shape-t
virtual,shape-t-2
virtual,shape-cross
virtual,shape-diagonal-cross
virtual,shape-diagonal
virtual,shape-diagonal-2
virtual,shape-curve-3
virtual,shape-curve-4
virtual,shape-corner-4
virtual,shape-corner-3
virtual,shape-t-4
virtual,shape-t-3
virtual,shape-circle
virtual,signal-dot
virtual,up-arrow
virtual,up-right-arrow
virtual,right-arrow
virtual,down-right-arrow
virtual,down-arrow
virtual,down-left-arrow
virtual,left-arrow
virtual,up-left-arrow
virtual,signal-rightwards-leftwards-arrow
virtual,signal-upwards-downwards-arrow
virtual,signal-shuffle
virtual,signal-left-right-arrow
virtual,signal-up-down-arrow
virtual,signal-clockwise-circle-arrow
virtual,signal-anticlockwise-circle-arrow
virtual,signal-input
virtual,signal-output
virtual,signal-fuel
virtual,signal-lightning
virtual,signal-battery-low
virtual,signal-battery-mid-level
virtual,signal-battery-full
virtual,signal-radioactivity
virtual,signal-thermometer-blue
virtual,signal-thermometer-red
virtual,signal-fire
virtual,signal-snowflake
virtual,signal-explosion
virtual,signal-liquid
virtual,signal-stack-size
virtual,signal-recycle
virtual,signal-trash-bin
virtual,signal-science-pack
virtual,signal-map-marker
virtual,signal-white-flag
virtual,signal-lock
virtual,signal-unlock
virtual,signal-speed
virtual,signal-clock
virtual,signal-hourglass
virtual,signal-alarm
virtual,signal-sun
virtual,signal-moon
virtual,signal-mining
virtual,signal-skull
virtual,signal-damage
virtual,signal-weapon
virtual,signal-ghost
virtual,signal-item-parameter
virtual,signal-fuel-parameter
virtual,signal-fluid-parameter
virtual,signal-signal-parameter
virtual,signal-any-quality
virtual,signal-unknown